Post_ID,Post_Type,Likes,Shares,Comments,Date_Posted,content,isAIgenerated
fc70e23f-9766-48c0-91c9-36eb9e7a8926,Carousel,234,70,5,2024-12-07,education,No
9f49a68b-f13b-49c7-821d-023449fbdc22,Reel,97,189,26,2024-12-28,lifestyle,Yes
63cd60aa-a2c7-4f24-a2eb-a2c2344c2446,Carousel,215,135,65,2024-12-22,education,Yes
6ddc431e-b74d-4605-9fb6-b38dcdc56ca7,Static,274,117,111,2024-12-29,lifestyle,No
91fc1d26-af98-4014-8d82-058b1337b50d,Static,431,87,73,2024-12-02,lifestyle,Yes
d013bf58-00b2-449a-b4d8-051ebc26240c,Static,154,185,46,2024-12-24,sports,No
fa3c0114-e357-48e6-bbcb-4d521a0613c3,Reel,290,162,72,2024-12-06,advertisement,Yes
01680934-eb70-4acf-9110-92326670e138,Carousel,366,103,126,2024-12-31,lifestyle,No
8d2369a4-60df-43c2-a193-c57d619c3bc9,Static,381,29,15,2024-12-10,lifestyle,No
7c587554-9b86-4bb9-bcb7-877bcdb767d0,Static,395,159,36,2024-12-10,news,No
1e674807-bb78-47d1-86fc-9acf78170314,Static,154,94,69,2024-12-01,entertainment,No
b58bbe89-354a-486a-9875-77769842014e,Carousel,185,48,145,2024-12-10,food,Yes
a5a77ee7-7f30-4f8b-bd0a-f63a51e2b407,Reel,75,122,17,2024-12-12,news,Yes
7458025a-158b-4e7d-965c-aeeed8fe0416,Static,481,141,70,2024-12-05,entertainment,Yes
526100b6-c98d-4686-abd5-d3d8607b5421,Reel,197,139,83,2024-12-09,lifestyle,No
fc8ded6e-cb00-4aed-8304-fcf519f08d2e,Static,143,74,60,2024-12-29,lifestyle,No
69989453-cf7f-415a-b34b-126498851f87,Carousel,430,105,149,2024-12-31,entertainment,Yes
ed8443e2-cbb9-4beb-bfaf-5c7d719ec5cb,Carousel,190,36,12,2024-12-23,education,No
03d5840f-eade-4c18-8a05-2071e681077b,Static,232,191,124,2024-12-21,sports,No
eea7b93f-f3f6-4e7e-9827-63b0319e5e1e,Carousel,58,140,102,2024-12-12,education,No
133a2ea4-d7bb-4c00-a89b-fdfa22344363,Reel,153,182,50,2024-12-30,lifestyle,No
eed0db2b-ba71-4304-a615-7b26e70b68a4,Static,123,198,37,2024-12-19,food,Yes
77f82409-0f62-4b0c-aad1-69ae95ae32aa,Reel,426,47,49,2024-12-19,entertainment,No
cd5a7736-81e1-499a-8303-b0d110a816f0,Reel,227,188,100,2024-12-19,entertainment,Yes
3d1b025e-0236-4412-aa3c-2ecc7a835564,Reel,429,167,79,2024-12-09,news,No
1709f07c-b430-4c14-8a7c-87256601bb2b,Static,71,54,93,2024-12-20,food,No
d4e9dd9b-db96-4da7-aa94-8d6f14984a7e,Reel,382,111,145,2024-12-19,entertainment,Yes
01bcef08-58c8-4591-ab48-9439d4419d39,Static,202,100,85,2024-12-11,advertisement,No
089442bd-dec1-4a9e-ae76-018887e10791,Static,453,62,56,2024-12-05,sports,No
1f4c95eb-5e90-43b8-9c9d-00c345ffa0ef,Reel,322,42,105,2024-12-17,news,No
a8a909d1-c055-4641-be5d-c8606af63d71,Reel,202,44,101,2024-12-12,sports,Yes
b06c5c81-6400-44a7-ab07-0562af0c8b13,Carousel,71,81,86,2024-12-10,advertisement,No
8a1d5593-1f45-480b-80c6-442c200fdcb2,Static,352,80,116,2024-12-10,entertainment,No
208a2c91-8973-4d67-8d6a-9d61dab883e2,Static,486,130,64,2024-12-27,lifestyle,Yes
c166a2b0-95d0-4dc2-a76d-b0f50f6704d1,Carousel,185,115,142,2024-12-25,sports,No
38af5e65-75c5-4764-a2c3-20016be06c72,Reel,127,176,135,2024-12-30,entertainment,No
934ab48d-3b8b-47bb-88f1-22ef35013b02,Carousel,369,109,120,2024-12-20,advertisement,No
053b3802-b318-4510-ab45-388e407ec167,Static,363,137,78,2024-12-24,entertainment,Yes
f2f29138-9296-4fad-bbbe-e9797f81e037,Static,273,186,80,2024-12-04,lifestyle,Yes
621c0174-9255-468c-ad9c-1343f002e5d2,Static,210,198,55,2024-12-18,lifestyle,Yes
6da05dc4-33a2-42d9-9e0b-473a9a8d18c4,Reel,369,190,92,2024-12-07,sports,Yes
6480af56-2717-46bb-9c70-e28b7c0e9421,Static,169,57,140,2024-12-26,lifestyle,No
0abc0898-3447-403b-acec-34e6996786b4,Carousel,372,126,18,2024-12-25,advertisement,Yes
5920d90a-fbc5-44b6-9109-ea38f20ad028,Carousel,125,150,86,2024-12-26,news,No
3e10a492-d541-49e9-a903-8d0a324f77a9,Carousel,472,188,126,2024-12-23,education,No
dcba2725-c3f6-4eaa-93d1-71a490693054,Static,94,136,40,2024-12-04,entertainment,Yes
65d89c6a-9d28-42a5-9c3a-7b1ac4176ad5,Reel,196,195,23,2024-12-09,food,Yes
8b14d435-e926-469b-a2cd-10b56b92bb15,Static,212,107,53,2024-12-25,lifestyle,No
1233479f-38c1-4337-bec9-9ca105464e47,Carousel,206,100,62,2024-12-27,advertisement,Yes
c58f329d-8fbe-418a-a0f5-351309acfb66,Reel,325,56,77,2024-12-25,advertisement,No
36a8b4d7-177d-4e84-8f24-074be2afe875,Carousel,451,172,11,2024-12-09,news,No
09ef732c-9bb2-4093-b645-67ee5dd2819e,Carousel,243,148,50,2024-12-28,sports,Yes
145a85ba-3b0b-4614-84b4-184133a08b68,Reel,304,30,90,2024-12-02,lifestyle,Yes
a4d06728-001a-4f36-8bf6-9ce695a126b0,Reel,432,164,74,2024-12-31,advertisement,Yes
9b8fffe1-c553-4e60-a5f2-03ee2a93450b,Static,69,184,129,2024-12-28,entertainment,No
82478667-9422-4d20-8da3-bda96340e369,Static,293,153,66,2024-12-14,food,Yes
e24abac7-1feb-430e-947f-b6d4cf1e1fc1,Reel,438,155,18,2024-12-17,news,Yes
cf0a5555-e57d-4c57-aab0-d69c4acde359,Static,254,165,101,2024-12-23,sports,Yes
8f71d458-6b76-416e-ae63-2131a166c7cd,Carousel,215,23,35,2024-12-24,sports,No
2225f5bb-b7de-4f69-95ff-c0ad8d7d43e1,Static,226,164,7,2024-12-26,lifestyle,Yes
56dc99e8-efff-499d-bf93-8b8ff9eb2d99,Static,403,50,80,2024-12-21,food,No
3602c45e-0186-4b69-9636-e688d8b98fac,Reel,496,103,64,2024-12-08,news,No
c17aef40-5ce8-45bf-b58f-d1d8bdb3a52d,Carousel,293,64,91,2024-12-09,education,Yes
259c452b-3d29-4679-8f34-9974a6a4a4f6,Static,240,122,150,2024-12-18,food,No
5520b399-2594-41d3-8cf4-bb4fcb6aaf36,Reel,113,187,140,2024-12-16,education,No
337f45e7-3510-4876-ac80-a8f8eb9ee389,Carousel,265,140,15,2024-12-20,lifestyle,Yes
4b8b2a65-c891-40c8-83c2-6e9abb09379e,Static,104,183,60,2024-12-22,lifestyle,No
e149f625-89d4-431c-bdb8-0adfe6823c88,Carousel,137,33,45,2024-12-07,news,Yes
7e76cccc-4d79-48a1-a6aa-85bc602d788a,Static,101,20,83,2024-12-27,lifestyle,No
f13e17ce-039a-41c3-95e0-c43816bb9461,Carousel,93,87,79,2024-12-11,sports,No
39c2d00d-1966-4e79-abe5-3cf60a3f3f54,Reel,191,64,53,2024-12-13,lifestyle,Yes
60fe85de-0c5b-453f-b958-a14678de5006,Static,121,90,49,2024-12-20,food,No
52a0c456-458a-4209-9f85-dcefb5c6a543,Static,254,93,129,2024-12-22,news,Yes
3dfac77c-fb65-42ac-9843-eed4abcd4064,Reel,323,74,98,2024-12-06,news,No
7549f087-3fb2-46f9-bb75-26cca25ad3ca,Static,486,150,67,2024-12-20,entertainment,No
c081ff05-7c67-4326-b085-7d71b864bf78,Carousel,315,107,91,2024-12-31,news,Yes
6eabf22f-aa7e-4c76-9246-74fc9c9969fd,Carousel,206,68,58,2024-12-16,advertisement,Yes
7919b435-4df5-4f19-828d-52bd459edfc8,Reel,72,80,45,2024-12-10,education,No
978b4051-1a3d-4daa-a980-2f8381366495,Static,495,54,93,2024-12-02,lifestyle,No
fd746c27-0df9-4622-b4f8-35096848a6ac,Carousel,221,165,41,2024-12-16,food,Yes
cd5e4fcb-047d-4929-91d6-a92087be5909,Static,336,177,123,2024-12-20,food,No
f74b4b14-6480-467c-a2bd-2c139ed1cc58,Reel,101,192,144,2024-12-08,sports,Yes
391bdc28-09b4-470d-96ed-b9236aca9a66,Static,89,21,122,2024-12-22,education,Yes
ea0d26d7-22b4-4698-8134-e99d62e721a9,Static,195,11,26,2024-12-29,advertisement,Yes
23348876-5449-4919-a889-7d362c5bcf20,Carousel,383,116,63,2024-12-16,food,Yes
480b8d30-2f8b-4954-a27c-b724fe327f70,Reel,239,40,83,2024-12-19,news,No
ced7e140-bd94-4924-9638-5ab6cac942b0,Carousel,425,199,5,2024-12-07,food,No
5732aee1-d7d6-4013-9be9-e7dfbe32ed2e,Reel,312,192,9,2024-12-11,lifestyle,No
3bb305c3-6d86-409f-ae83-f4ae52505c8d,Carousel,395,60,19,2024-12-17,education,Yes
045929af-4892-4f46-91b7-e26f2bab28c6,Reel,315,20,33,2024-12-18,advertisement,Yes
ea585b21-c02e-4189-a105-06fe444b13ef,Reel,111,24,147,2024-12-27,lifestyle,No
1b53935e-db3e-4c70-a90f-2cbe3310c40c,Carousel,235,154,43,2024-12-06,news,Yes
6d493aa9-53e5-45a9-bc58-4e379703d151,Static,193,151,42,2024-12-30,advertisement,No
0c30f261-b6ea-4d3d-af03-b9f958482bd1,Reel,324,38,130,2024-12-09,sports,No
8963cb29-9858-4f7b-8934-3489f08f0d91,Static,166,18,132,2024-12-26,education,No
70193a3b-c344-4b0b-83aa-829b6b36bd1d,Static,186,177,78,2024-12-16,news,No
9a561eea-f88a-4018-898b-96ff9b927a8a,Reel,259,121,49,2024-12-03,food,No
bb1a710b-9bcd-4a13-a717-c3f5fb50af1e,Carousel,53,184,68,2024-12-30,education,Yes
8218abdc-51fd-4f73-aa09-5ab9d7379db2,Static,482,109,68,2024-12-23,entertainment,Yes
db552610-b431-4968-a267-ffde3bf71769,Static,435,169,140,2024-12-02,food,No
c90fddce-1718-4849-8c63-b13ea3884e82,Static,92,177,111,2024-12-08,sports,Yes
9376151d-a311-4ab4-8686-bd4eef17cf7a,Carousel,245,109,45,2024-12-02,entertainment,No
4e73f798-9962-44a7-a78f-b2ba40308745,Static,475,172,113,2024-12-09,sports,No
9fbab885-d746-41da-b77c-42512bf241bb,Carousel,316,83,72,2024-12-22,advertisement,No
80245cc5-2f33-4ab5-834c-ab340152336f,Static,182,68,18,2024-12-31,lifestyle,No
eef44546-a117-4840-9da2-006754f68801,Carousel,470,93,39,2024-12-07,entertainment,Yes
80f815a2-109c-48a1-a786-aa4caf536924,Reel,255,174,134,2024-12-22,education,Yes
8021ae49-e18b-4038-87bb-297b3223deb7,Reel,467,96,18,2024-12-19,sports,Yes
005daac5-aeb1-4015-81b2-d0e8c81d477e,Reel,197,184,82,2024-12-25,news,No
8e4367f6-aa9e-46ba-a24f-2c788f64a02a,Reel,345,200,12,2024-12-29,food,No
3026c136-1c75-47a6-abc9-729717656f01,Static,263,151,78,2024-12-23,sports,Yes
b54a3a89-d7d5-4aa9-85fb-9e5e590af979,Reel,338,125,36,2024-12-18,entertainment,No
7ed9e063-c3f3-4df5-9f6c-cedb0d74b111,Static,478,23,140,2024-12-28,entertainment,No
f305e699-c608-4050-963b-877761e08a1d,Carousel,158,159,25,2024-12-04,lifestyle,Yes
65c6ab0c-162e-49de-a3d9-5c84674ce1cf,Reel,384,107,76,2024-12-15,entertainment,Yes
84c56afc-65a8-49ab-83ab-6abe1bdcf3c2,Reel,58,157,67,2024-12-23,food,No
33f24c86-60b3-4105-8390-a163ce44a5ff,Carousel,375,44,131,2024-12-04,entertainment,Yes
6e2f2e99-3cf1-4cba-afb9-cca6db22fbd6,Static,347,182,54,2024-12-25,lifestyle,Yes
44a3c623-d312-4d30-a64b-85b702628483,Reel,473,68,56,2024-12-29,lifestyle,Yes
27759be9-59d4-4119-9eb9-b2c35b541e2c,Reel,461,180,146,2024-12-20,lifestyle,No
db16570f-3088-495d-9edc-ab013d0b0133,Carousel,90,130,128,2024-12-10,lifestyle,No
a1062604-685f-4b9c-b765-b3a0dc8eb081,Reel,236,132,89,2024-12-05,food,No
559cfaab-75fa-49ca-8470-97bccd8ec488,Reel,97,67,38,2024-12-05,news,No
70b9f1ff-ab77-4bac-9994-533c738b88e6,Carousel,344,151,129,2024-12-12,lifestyle,Yes
732d1a5f-2612-42af-8d04-2b0663880fab,Static,338,73,104,2024-12-29,entertainment,No
b6d8424b-54a3-4275-84d4-fcb292d20f16,Reel,381,189,119,2024-12-30,education,No
b4926618-ac59-4a99-ab13-482468d97be2,Static,190,81,134,2024-12-08,advertisement,No
fb4d4bd8-1fea-4a05-b576-f85388393cc5,Static,234,103,49,2024-12-12,food,No
abd739fa-4675-42cf-83be-86041346ed23,Static,53,172,29,2024-12-23,lifestyle,No
db5318f7-791c-44df-aed5-2d8ab49fd6f7,Reel,496,134,84,2024-12-07,lifestyle,No
8d7b1ef2-9b52-4d69-9b6c-df9d5b201e68,Carousel,436,32,65,2024-12-31,education,No
1cb9d9b2-1a69-4f1f-ae63-1e1fac12efa6,Carousel,85,49,72,2024-12-09,education,Yes
a63477ba-fe1e-4588-9544-007fdc5b8e57,Carousel,315,93,129,2024-12-09,sports,Yes
cdac5f26-8202-483f-892a-3992dd40555b,Static,172,110,115,2024-12-22,entertainment,No
e4137b2f-df8b-40c1-915f-fc45a08ca27e,Reel,131,131,115,2024-12-03,lifestyle,No
20f1e45a-8942-43f3-a09f-2cf670ee5c0e,Static,334,99,47,2024-12-20,food,No
baa9bc6a-a6fd-46a0-8155-191941872428,Carousel,393,169,75,2024-12-06,news,Yes
4f53c8c4-26ae-421d-9f16-e292b49d06de,Carousel,487,91,85,2024-12-06,news,No
aa39e90f-6d3a-4d24-8516-0012c8dd8b40,Reel,247,103,5,2024-12-27,education,No
d2d6f287-3417-4c68-8875-990afc5e5b68,Static,224,77,143,2024-12-10,food,Yes
02c158c7-6e20-4303-8de7-0bf251839d68,Carousel,53,39,52,2024-12-27,advertisement,Yes
4bdcc5ad-8f74-4a1a-8178-86b3f644ce9b,Reel,327,162,106,2024-12-31,food,No
2c4ec314-cbaa-4ca1-9cc7-cdf1e617c806,Reel,386,179,149,2024-12-16,education,No
3e6e8f77-85f1-49ef-be5e-b7ada541bda5,Reel,462,116,74,2024-12-16,entertainment,Yes
92939883-fc19-406f-bf56-659022c475cc,Reel,455,188,149,2024-12-08,sports,Yes
f403d6a2-8d65-4797-a016-c6b9b852f676,Reel,188,123,36,2024-12-17,education,No
a1d8e932-9bf8-4330-932c-879dfc23c300,Carousel,422,41,34,2024-12-05,lifestyle,Yes
ad2074f0-807c-41a2-bfc5-7a2f53455f6f,Static,225,185,64,2024-12-29,sports,No
5bfb66fa-f062-4fb4-ad9d-e00836530b8c,Carousel,268,97,142,2024-12-07,advertisement,Yes
05a8b9d3-8b2f-42e6-bc1e-111ff03b6e83,Static,347,148,107,2024-12-30,food,No
b30fe06d-60a2-4766-af2d-b368a053f42f,Carousel,287,110,36,2024-12-17,entertainment,No
7b7801f9-0788-4d70-83d5-d94a9070b2fc,Reel,479,146,93,2024-12-17,entertainment,Yes
5a880768-e219-431d-aa70-bfb8c540d66a,Reel,402,42,19,2024-12-16,news,No
9927005f-7502-4a85-9312-ac61cc5899d2,Carousel,487,106,131,2024-12-14,lifestyle,No
95329de6-b713-4397-b733-944bc303fd90,Reel,455,195,141,2024-12-19,advertisement,No
076240bb-6674-4636-909b-90277bd17320,Carousel,246,72,108,2024-12-31,advertisement,No
e8da6fe1-b0c0-46cf-99dc-11c96d1f1d25,Carousel,402,31,101,2024-12-03,education,No
96fb6074-5e9d-4798-8e97-3aa72f1aa0d8,Static,209,120,67,2024-12-27,advertisement,Yes
399b321d-69ce-4346-9df1-0c3e9dc9518e,Reel,222,67,94,2024-12-30,news,No
53a20c35-458c-4b2e-b297-5a659a9e0e9b,Static,358,51,116,2024-12-16,sports,No
43967b30-955b-476f-9cc9-cf23aac94237,Reel,417,138,148,2024-12-05,sports,No
e483b970-5037-4975-b10c-55603d804e79,Reel,110,59,25,2024-12-16,advertisement,No
afc8f32e-a786-4d8a-9e20-956d1c911e74,Reel,340,45,85,2024-12-03,lifestyle,No
bb99656c-7ee4-4797-b700-e4603ca98b17,Reel,130,87,141,2024-12-29,advertisement,No
1283368b-89a8-4915-b8c8-5c159318c316,Carousel,246,184,42,2024-12-29,lifestyle,Yes
924673c8-9b01-454a-8b98-886196526e19,Reel,50,72,117,2024-12-06,advertisement,No
de27b635-9de5-4a78-b23b-37768a900e0f,Static,117,152,125,2024-12-25,advertisement,No
6ec59c2b-c899-4c25-9443-a1e5073b4650,Carousel,337,183,134,2024-12-18,education,Yes
fc6507e3-30af-46f9-8a02-cce1a685c230,Carousel,243,36,85,2024-12-04,lifestyle,No
1c1a7ec5-fd0e-4df0-8921-20d469cc162b,Static,331,92,115,2024-12-10,food,No
377b9ac8-e7e2-4c6a-8fee-49406c4a20b4,Static,465,45,42,2024-12-08,food,No
1a0ce280-85ff-4af6-b262-6cb0e9191839,Carousel,318,51,57,2024-12-31,sports,Yes
35db6cb9-de88-4b1e-af68-868451487adf,Static,397,191,149,2024-12-27,education,No
522ed2e7-dc63-4f5f-8e58-e54e2a0f8e5f,Reel,114,137,14,2024-12-03,entertainment,No
e7b03496-66af-4562-a1f6-99b563af20aa,Reel,489,120,86,2024-12-24,lifestyle,No
3d5f4dbc-3dd7-4890-a0d8-1e886ff1602c,Static,284,32,18,2024-12-25,sports,Yes
4feb1dc9-e497-40b2-992f-de392f66de28,Static,82,193,144,2024-12-14,news,Yes
b19d2e06-671b-40d0-8925-49f58b3caea5,Carousel,353,138,20,2024-12-30,news,Yes
76802476-df75-4259-840d-7876492d3916,Reel,152,99,107,2024-12-12,entertainment,Yes
6495e1dd-a79b-4f80-b8fb-ea540020b9b9,Static,459,13,103,2024-12-21,education,Yes
27deb778-53a8-4aed-9cb0-d7c6f9f4e1fc,Reel,337,15,51,2024-12-14,entertainment,No
2fba1de0-f6db-4bb9-a140-6f2d4a1735ea,Reel,117,96,118,2024-12-06,news,Yes
29bc00c1-2939-4482-8f8d-a27489ca401e,Carousel,471,140,30,2024-12-18,entertainment,Yes
81f834b5-33be-4c05-af63-c258c3343dae,Reel,266,16,87,2024-12-05,lifestyle,No
5353c323-2b38-4e7f-bdb1-45ca1c743c4f,Carousel,213,128,8,2024-12-26,sports,No
b319e441-e596-4cef-8c00-b4b1ec63a5a8,Static,448,98,38,2024-12-26,food,No
d517778f-57f0-4fab-b349-7637a24b5113,Carousel,243,107,127,2024-12-25,education,No
411f7902-011f-47fa-af8b-c22b248d9f5a,Carousel,302,52,54,2024-12-12,news,No
10ba1abb-f746-404d-9ea0-8e2cb95b7660,Carousel,278,55,5,2024-12-04,news,Yes
eece49f0-cda9-4f51-9a8d-65e8ef1cd2cf,Static,361,31,13,2024-12-22,education,No
7bbef213-38ae-4a9c-94f1-e75f22208356,Reel,184,10,150,2024-12-20,education,Yes
9509d9b6-2fee-46fa-a0a9-caf13cefe9dc,Carousel,378,172,31,2024-12-19,education,No
e8e68f22-0587-4ba6-9a1f-6d35e68b9d66,Carousel,97,193,53,2024-12-01,lifestyle,Yes
b5f6af2c-778b-48c6-a651-21f14036b800,Carousel,441,28,133,2024-12-23,advertisement,No
9ed801fd-6706-4909-8ebf-aefe2a4e29f2,Carousel,302,192,85,2024-12-26,news,No
a197faad-0cfd-4471-bbd7-897797f52cff,Static,82,107,134,2024-12-23,education,No
37bdac3c-bd96-479b-a252-1cbc4a86f247,Static,320,180,79,2024-12-30,news,Yes
cad21e9f-1ac2-475f-a268-83522fa21df3,Static,57,192,89,2024-12-22,food,Yes
05acf16b-bbe8-4840-b7ed-5a830de9ce9c,Carousel,422,160,105,2024-12-03,lifestyle,No
a32a3aae-440a-4f68-8624-173ffaa9170f,Reel,177,148,126,2024-12-03,news,Yes
c83fb1b3-89bd-43da-b8cc-19f766b2ff79,Reel,432,165,112,2024-12-05,food,No
60d6898f-2733-4611-8dcc-c57535a5baae,Carousel,406,121,139,2024-12-26,advertisement,No
51554d19-d912-4bd7-b365-c17cc2695845,Reel,179,150,114,2024-12-04,advertisement,Yes
f4a4f70e-347a-41bc-b1c5-c6ef3dea80c3,Static,355,50,105,2024-12-01,education,No
58db00ff-e7b4-4af9-877f-38e10c8f16c7,Carousel,329,167,24,2024-12-21,news,No
fd50b01d-776f-4fc1-ab2f-3ff7a5a41b6e,Reel,188,27,12,2024-12-22,news,Yes
b10c4c9f-5fed-4466-bf7a-c00999d3d958,Reel,64,126,45,2024-12-30,entertainment,Yes
a876e65a-633f-4ef4-8313-53f2c4feb989,Static,205,135,90,2024-12-20,lifestyle,Yes
8cff7f62-7a34-42f5-93fb-648a8bdc3b05,Carousel,401,126,105,2024-12-24,news,No
91f740f5-3420-4132-a059-a37fa72912fc,Static,126,45,26,2024-12-20,education,Yes
5cf0fe78-697e-4d7e-8d06-38151ee05fff,Carousel,451,144,143,2024-12-23,lifestyle,No
221b7c76-2c37-41d4-9a51-9f116671fdac,Carousel,326,165,78,2024-12-03,food,No
5220cd4a-f5a0-4454-9242-ae0b089473db,Static,157,163,141,2024-12-21,education,No
6d1f2fc6-06ab-43aa-877b-a25e7db7157a,Carousel,307,23,59,2024-12-12,lifestyle,Yes
82979202-116c-43ca-b572-ddacf3acc429,Static,379,64,90,2024-12-01,education,Yes
4d8d6375-083c-4b56-9001-19767e7ad679,Static,158,135,128,2024-12-26,food,Yes
0fea06f6-f82e-47f2-a622-e46871acb44f,Reel,474,66,138,2024-12-22,news,No
c81fd072-9678-4318-ae3a-b7f6d3a7b802,Reel,245,190,126,2024-12-13,advertisement,No
7532563d-0818-453e-873d-69dc9fc01c17,Static,283,125,24,2024-12-13,lifestyle,Yes
202e864d-e4ef-44b5-ac1e-7192e3546ae9,Carousel,236,196,45,2024-12-11,entertainment,No
db1668b1-ddf4-407c-bdca-89c6648d158b,Static,123,93,75,2024-12-24,food,Yes
43729a24-de76-490b-9f25-be9acec8f22e,Static,403,33,106,2024-12-06,sports,No
90b5c38a-ffb0-4ad0-ba5b-904e73cbb63f,Reel,99,113,58,2024-12-15,sports,Yes
ed8aaf82-1fc1-449a-9647-f0acb6cc7b7d,Reel,261,74,64,2024-12-14,news,No
4451e412-664d-470f-a127-7c7c3bc7413c,Reel,82,155,85,2024-12-09,lifestyle,Yes
d58e4c11-f402-4d34-9d64-1058c2fc1705,Static,349,173,130,2024-12-23,sports,No
04fc6763-598c-412a-94e4-b084ee6bc38f,Reel,291,45,6,2024-12-28,advertisement,No
90026546-1ebe-400b-9ed1-9c5b50658564,Reel,69,182,64,2024-12-09,sports,Yes
d9fcc98c-bdd3-408d-a55b-a867282cd5fc,Reel,175,127,79,2024-12-30,lifestyle,No
80fa1bf7-f8f5-4cd3-85c3-d50bf7216e09,Static,454,54,106,2024-12-11,advertisement,No
e6ffe110-21e9-4791-a193-33d29e44688e,Reel,371,137,101,2024-12-28,entertainment,Yes
bbc0e8c7-d2d6-47e8-a5c9-71e240a6b9a6,Reel,436,59,23,2024-12-29,advertisement,Yes
090e20ee-0694-4db8-a650-0144dae838bc,Carousel,460,40,66,2024-12-05,education,Yes
9b592998-edb6-45a3-ac4e-dd524ff4627e,Static,460,78,101,2024-12-15,advertisement,Yes
c0396f18-548c-4c8d-a4d0-2388f7a63160,Reel,143,161,24,2024-12-12,sports,No
e0bd5a60-f3ee-4609-b5d6-bef8e3962b77,Static,114,37,101,2024-12-18,education,No
060045e1-85b4-4518-a77f-2fb16a8d804d,Carousel,73,24,150,2024-12-03,sports,No
35c5c483-a45b-4249-ab32-48c9ad9425e2,Static,410,30,6,2024-12-05,education,Yes
c2ed6e7b-1c09-4385-a6ab-545fe771cfe9,Static,338,83,68,2024-12-06,advertisement,Yes
0e8d2a6f-0ab8-496a-8d35-1cc473de8548,Static,54,111,5,2024-12-03,advertisement,No
1e2696a8-f400-4393-943e-0f5fa7804cdd,Static,147,187,63,2024-12-26,education,No
71369e21-29c7-4208-9cf2-9bebad42e615,Static,436,27,138,2024-12-07,education,No
0952b556-4b98-477a-94e8-67d677030961,Static,237,67,85,2024-12-26,food,Yes
fc11f41e-eedb-4a38-9e7a-ca19372c2d88,Static,147,10,80,2024-12-09,sports,Yes
62671e09-8269-4b33-a627-c41c39d4fd74,Static,169,195,106,2024-12-28,education,No
7e8d0550-4247-4469-bf71-902f828fd9e6,Reel,404,80,67,2024-12-28,advertisement,No
aa1b3fbe-60f3-43eb-ad75-936e845b51b5,Carousel,51,172,82,2024-12-27,education,No
65720044-67b6-4cb9-b341-bca6359eb982,Static,365,12,34,2024-12-17,sports,No
64d58163-6c94-4f3f-b41a-66cc7265ae73,Carousel,369,184,144,2024-12-08,news,Yes
ef69e161-9b32-4585-9ab6-d0bf1ea8a8a0,Reel,408,103,33,2024-12-15,food,No
22880231-6de0-485c-8f61-156ec4ed9894,Reel,457,115,148,2024-12-17,education,No
6682accb-8d8f-4caa-b888-415b2bc8e0c8,Reel,354,187,90,2024-12-22,sports,No
a4324c1c-7ee6-4641-a185-bdbb78b0af14,Static,474,156,81,2024-12-23,sports,No
97cfa8fc-b7a3-4ff7-839b-fac5fc4169a0,Carousel,463,111,52,2024-12-27,entertainment,No
f1c4952b-16c2-438b-bd64-9c03cd1a8908,Static,191,29,111,2024-12-21,news,No
124c9953-55b4-407f-9694-90c93c4834fb,Carousel,174,139,103,2024-12-17,sports,No
b6adcb9c-d5a8-4d0f-8cf5-d079b77fd9a2,Static,433,117,20,2024-12-03,sports,Yes
5f383597-c17c-4135-87a6-e3a9e08b5f39,Carousel,129,75,78,2024-12-22,food,Yes
6cdef9ff-546a-41b0-93bb-0a26579600b7,Reel,145,15,62,2024-12-26,sports,No
1bcc98b2-c9d9-4189-8db4-39375c6e280b,Reel,353,133,97,2024-12-19,sports,No
61181821-3686-4fbe-b0a8-73caa16879a0,Carousel,393,148,64,2024-12-04,lifestyle,Yes
49088446-1969-4a09-af2b-f5cee57921c5,Static,302,12,13,2024-12-14,lifestyle,Yes
6b4b412a-6cb1-437a-91df-373ccebf5243,Static,270,60,15,2024-12-08,advertisement,No
f10ddb80-989a-4e8b-a8ac-fdabcba41ee7,Carousel,88,46,75,2024-12-21,news,Yes
cdd172e4-44a6-453f-a441-9f9c67472969,Static,482,185,106,2024-12-09,sports,No
6f92a6cb-791d-4a57-97e0-e7051a825cee,Static,337,91,24,2024-12-24,sports,Yes
f7b2e6af-5f6c-4cc2-a456-e7f0a2287c6c,Static,205,72,137,2024-12-09,lifestyle,Yes
aaebf9b0-c700-4fa2-ba28-e287c19c4e19,Static,112,126,50,2024-12-12,food,Yes
053d7586-8453-465f-a85e-cdccc98204e5,Carousel,201,195,123,2024-12-25,education,Yes
b07ebed5-b4a1-4260-b4de-ba22acf01e97,Reel,256,113,44,2024-12-30,entertainment,Yes
8197866c-f63c-4e68-a369-bc8a60a995ad,Static,164,127,80,2024-12-16,food,No
fb8fce72-f5c1-419d-a8bf-9a604966a5ef,Static,159,49,44,2024-12-02,entertainment,No
a9d7f270-d7c5-4338-9b9c-03f5a3a2638a,Carousel,62,171,41,2024-12-10,entertainment,Yes
254688b4-cef7-4262-b3e7-c4a62b910226,Reel,348,196,109,2024-12-06,news,Yes
c12e1b85-1cab-40cb-8aa0-7d704bf4770f,Carousel,363,152,18,2024-12-18,advertisement,Yes
2bdc327f-bd89-4529-b4c8-ce2fc40d9970,Reel,167,79,31,2024-12-16,education,No
45655864-076c-4235-8056-9f48e6d50fc7,Static,462,13,50,2024-12-24,news,No
0d6e4a3c-a96a-4026-913b-7ab2b5bc18a1,Reel,411,200,41,2024-12-21,lifestyle,Yes
f0b405b4-80c2-42c3-b4df-28cb21532ab2,Static,103,53,66,2024-12-13,sports,Yes
7cd04230-745b-408a-83fe-63be13082487,Static,94,200,109,2024-12-20,lifestyle,Yes
d34a2b99-18b0-4015-b711-1b6ec9330569,Carousel,420,25,86,2024-12-13,education,Yes
d6376f18-b660-40ab-bfbc-09e81f15505b,Reel,485,126,51,2024-12-31,news,No
cb0b5f25-368a-4d4a-9f03-708f9c79f26f,Static,159,142,141,2024-12-02,lifestyle,No
956cc27c-67fb-4833-8b33-fd45b33a6a43,Static,113,49,16,2024-12-09,news,No
5962d53a-b622-4ab9-b4e6-a5ef75de6dd4,Reel,218,27,122,2024-12-18,food,Yes
e5257714-a462-4112-8309-216ee266d918,Carousel,283,55,13,2024-12-28,entertainment,No
4e360cbc-f7dd-4f52-b9bd-604c201ed405,Static,345,137,57,2024-12-01,lifestyle,Yes
703d1a83-2b2e-4b80-924b-a257e6a495df,Static,313,61,112,2024-12-29,news,Yes
fc37a5c4-7992-4c4a-8ca9-b024303b20dc,Reel,154,186,128,2024-12-08,news,No
9dbe26fa-671a-417d-9b10-69380dc2c198,Static,415,44,51,2024-12-20,education,No
ba5d4e86-31cf-41c8-8b98-9f3d251ca6ae,Reel,217,154,88,2024-12-21,advertisement,No
a27eacff-5afd-4c27-959a-01f06aa5eefd,Reel,394,174,104,2024-12-28,news,No
9d7a4991-0ae0-4476-a2bc-336a4f9019b5,Reel,231,46,51,2024-12-29,education,No
201aeaa2-9747-46a8-8178-fb89cfb632ed,Reel,119,74,64,2024-12-08,news,Yes
b56a1498-ca2e-464a-9ceb-4ba1c16b0146,Static,341,176,131,2024-12-31,lifestyle,Yes
12a2b253-f15c-4699-bd3f-b105e4b786fe,Reel,340,144,36,2024-12-04,education,Yes
04c03038-0d3e-4bc1-891e-56c057daabe2,Static,436,178,87,2024-12-17,advertisement,Yes
7b01b53d-fff8-4ae7-be99-936434115161,Static,384,124,52,2024-12-14,food,Yes
78654b83-42d7-4542-8258-a825b3ea1f47,Static,262,81,54,2024-12-17,food,Yes
0be3538b-bd11-493e-a3a8-31cdc975fc62,Static,424,165,9,2024-12-18,news,Yes
a97b2a51-9c7d-4128-a337-0180a43eeedf,Carousel,205,47,91,2024-12-30,news,No
c0d744e8-e6d1-4199-80aa-3aefab7be4ff,Static,416,186,78,2024-12-09,education,Yes
b02585f3-5afc-4507-a551-95f4f82edbe6,Static,460,151,44,2024-12-15,news,No
f757cf49-057c-4a32-a11d-2f14404ebd19,Carousel,399,188,148,2024-12-07,news,No
f8c3c789-413b-4988-8775-487382ee90ae,Carousel,314,92,22,2024-12-22,education,No
8fe3f82a-7567-45ec-9c8e-46319d6c0155,Reel,51,22,75,2024-12-16,news,Yes
64981ac6-9bc9-4b98-9a58-0a5ac5743bc4,Reel,266,199,64,2024-12-13,news,No
3d42f5bb-ed41-4fd5-b7a5-a732aefd7a79,Reel,351,67,12,2024-12-13,food,Yes
3817da4a-4f39-4f14-a20d-4a326ad19ece,Static,114,119,144,2024-12-04,sports,No
180ad162-5b77-472e-9bda-db8f1bd2ca49,Reel,280,16,101,2024-12-10,food,No
273066e6-e4f6-4dac-a315-fe5aeaefe798,Carousel,137,161,132,2024-12-01,lifestyle,No
32c84d02-6ad6-464a-9aea-780a6a046b36,Reel,420,14,142,2024-12-23,sports,No
13cb7917-9cd2-4172-9452-344b9bb3a59b,Reel,184,139,98,2024-12-22,lifestyle,Yes
b7c0b618-1285-4609-8b11-d1b6d8a33142,Static,490,67,136,2024-12-09,lifestyle,No
f5ebb75c-55c4-43d5-9683-e03aa4713fe8,Carousel,369,73,16,2024-12-25,advertisement,No
23afaccf-ab73-4a74-aff0-9b9fa1d7effa,Carousel,343,197,98,2024-12-13,food,Yes
6f6e613a-b773-4b63-b590-0fa7a7ca79f0,Reel,496,160,56,2024-12-18,education,No
c4f27bce-c415-4b02-acda-52cd57574dc6,Carousel,64,30,119,2024-12-16,entertainment,Yes
4818a4fc-1f26-4f85-996b-5215048c8ab7,Carousel,74,79,29,2024-12-21,advertisement,No
8565c3a6-9309-4e6c-a564-e4b86fbe9c84,Static,446,131,65,2024-12-07,food,Yes
448a437a-b0e1-4f5c-b615-6b029b55daad,Carousel,245,194,104,2024-12-20,news,Yes
7833dd8f-78ce-4886-88c0-de4f3ce0a441,Reel,54,167,100,2024-12-18,food,No
f59280c1-a506-4c74-aaa5-e40fd4b6dcf8,Reel,448,140,34,2024-12-28,lifestyle,Yes
090cab00-4f6d-48ae-b038-8f1d52c9c37b,Static,287,138,77,2024-12-29,news,No
519ab9b7-b472-42a5-b589-c6c44cc89ee5,Reel,369,112,145,2024-12-08,education,No
00f6893e-2ef6-4580-90a8-e54ad7fdf15a,Static,307,103,98,2024-12-20,entertainment,Yes
74741737-eebd-4b87-a129-42668bfc1cb6,Reel,289,186,31,2024-12-02,sports,No
1fe4177c-9919-4fb9-b674-9619a5065e2f,Carousel,496,11,134,2024-12-20,sports,Yes
b16fad70-447b-4ddd-930d-4ed12a52d664,Reel,392,129,132,2024-12-12,entertainment,Yes
a8bd03e6-8721-4936-87ea-98d0c0bca96d,Carousel,380,41,101,2024-12-14,food,No
0d2d0528-5c42-44d2-b8a6-33eb9c698f4c,Reel,437,74,44,2024-12-22,entertainment,Yes
572a14b4-56ee-4537-b4d8-ba5e3fcb0386,Carousel,396,129,75,2024-12-15,entertainment,No
083c5fff-e782-486d-9d8b-69922707ec12,Carousel,229,40,28,2024-12-12,education,Yes
74340d79-f1ec-453b-a289-93ff68cc086a,Reel,275,10,128,2024-12-29,sports,No
1c3aa719-9104-4660-b8b9-8404fc01a0af,Static,183,173,37,2024-12-07,advertisement,No
6eed2b32-90bd-4c69-a0e2-62b6a2668bdb,Carousel,155,142,103,2024-12-05,lifestyle,No
15012b97-bb54-431c-9318-2bbbe5c38147,Carousel,267,82,76,2024-12-27,lifestyle,No
93ef0b86-107b-49e5-8347-295c6f620824,Reel,377,67,27,2024-12-22,food,No
71590fe5-8424-4e6a-adb0-bbf61d5698a8,Reel,62,20,62,2024-12-07,lifestyle,Yes
0059ba84-bf84-4935-bb28-cf51be8938e4,Reel,223,146,109,2024-12-18,advertisement,Yes
777864ad-6045-47af-8a8c-4296064ee9f5,Carousel,269,78,146,2024-12-06,advertisement,Yes
90d841dd-6212-4b20-b716-a94b8c36f342,Reel,450,196,104,2024-12-21,news,Yes
b207e728-ff10-43ea-9a58-3a4ddffa4a2f,Reel,323,74,36,2024-12-03,entertainment,Yes
6cbc9df3-acc1-4ca7-8aee-8a59656654d6,Carousel,168,87,39,2024-12-16,sports,Yes
7afa2d9a-bffe-48b1-88f7-d5460ccadb52,Reel,189,178,35,2024-12-27,food,No
63a1f1af-9955-45bf-a1f3-edfca977748c,Static,127,14,70,2024-12-25,advertisement,No
c9dbd5e5-4ede-4597-841e-954364be567a,Static,228,89,73,2024-12-18,advertisement,No
34c948da-f670-46c1-ad32-cd1dd1c5f0b0,Static,102,39,74,2024-12-14,food,Yes
8ee7f714-001e-41ba-9352-095b77c57dac,Static,357,195,149,2024-12-14,news,No
f229adcf-915b-4ded-b313-6a9c5f13a317,Reel,407,83,67,2024-12-17,news,No
